Feature,Value,SHAP_contribution
Age,36,-0.08572816203337631
OverTime,1,0.05484982574922139
MonthlyIncome,3388,-0.04046214283550786
StockOptionLevel,1,-0.03887952330660657
YearsAtCompany,1,0.037848933443652893
NumCompaniesWorked,0,-0.03781027126337149
YearsWithCurrManager,0,0.032892316292097046
TotalWorkingYears,2,0.02532085534045604
